{
  "project_info": {
    "project_number": "23650947138",
    "project_id": "groceries-app-6c3c5",
    "storage_bucket": "groceries-app-6c3c5.appspot.com"
  },
  "client": [
    {
      "client_info": {
        "mobilesdk_app_id": "1:23650947138:android:2406e36aadfbdc2ac85ddb",
        "android_client_info": {
          "package_name": "com.example.groceries_app"
        }
      },
      "oauth_client": [
        {
          "client_id": "23650947138-6rk716sh3rk8nd2jf7qt8160q8ug6gr4.apps.googleusercontent.com",
          "client_type": 3
        }
      ],
      "api_key": [
        {
          "current_key": "AIzaSyDSCFK6gVfCVswIzS-mUjI8H1gD3NQZfLo"
        }
      ],
      "services": {
        "appinvite_service": {
          "other_platform_oauth_client": [
            {
              "client_id": "23650947138-6rk716sh3rk8nd2jf7qt8160q8ug6gr4.apps.googleusercontent.com",
              "client_type": 3
            }
          ]
        }
      }
    }
  ],
  "configuration_version": "1"
}